yt_id;q_id;videoname
uh7BW2BVW9g;Q19913277;The Renaissance in Spain, The Morata Master
mdd7LhVx00o;Q977200;Death and salvation in renaissance Florence: Masaccio, The Holy Trinity
B06PK4yZwvY;Q12418;Leonardo, The Mona Lisa ? in the Renaissance and today
hgMqBYJ1WPI;Q642198;Persian carpets, a peacock, and a cucumber, understanding Crivelli's Annunciation
1LrHCPUeACE;Q20198066;Blythe, Justice (reposted with minor correction)
5oUfPT8LJxI;Q20198057;Face to face with voters: Bingham's Country Politician
HLdKWno6YCs;Q20812911;Hicks' The Peaceable Kingdom as Pennsylvania parable
K6PBfbkMzFU;Q151047;A celebration of beauty and love: Botticelli's Birth of Venus
BjlOZ2a8RGM;Q20441240;Hetch Hetchy, Yosemite and the battle for National Parks (Bierstadt)
in6iDVnTw-k;Q848790;The Dying Gaul and the Ludovisi Gaul
3npb3UZ0b9o;Q5189814;Rogier van der Weyden, The Crucifixion, with the Virgin and Saint John the Evangelist Mourning
QKfmTQi2Yq0;Q2352789;Bernini, Pluto and Proserpina
PVmczLwlU00;Q2366825;The Hay Wain, Constable and the English countryside
MVHfVB4MaWE;Q17491014;A summer day in Paris: Berthe Morisot's Hunting Butterflies
GRTsMJNcHFw;Q42934;Pablo Picasso and the new language of Cubism
GRTsMJNcHFw;Q5593;Pablo Picasso and the new language of Cubism
o6amlRsb1n4;Q683274;Renoir, Bal du moulin de la Galette
tWjnbh5Z9Vg;Q296;How to recognize Monet: The Basin at Argenteuil
69zJ3UDh5Tw;Q39931;How to recognize Renoir: The Swing
69zJ3UDh5Tw;Q1118456;How to recognize Renoir: The Swing
fpnIGUds1FQ;Q2270028;Painting modern life: Monet's Gare Saint-Lazare
4xFs8F7B2E4;Q369582;Masaccio, The Virgin and Child
CWo2pmUk3RU;Q29383022;John Quincy Adams Ward, The Freedman
y5iMAMU53Ns;Q19900692;Thomas Cole: America's first environmentalist artist
8kfrFEiGGzg;Q20268685;When the department store was new: Elizabeth Sparhawk-Jones, The Shoe Shop, c. 1911
iFHIL6rZnj0;Q1167178;Courbet, The Painter's Studio
-yxSjUvh0g8;Q969377;A moment of spiritual awakening: Caravaggio's Calling of Saint Matthew
5khYppm7m-k;Q11802629;The conservator's eye: Madame C‚zanne in the Conservatory
pws5E8QPxak;Q2404992;The conservator?s eye: Rembrandt's Aristotle with a Bust of Homer
iHuewgZR17s;Q1245354;Manet, A Bar at the Folies-BergŠre
HNZTmnngqrM;Q540488;Courbet, A Burial at Ornans, 1849-50
KI24PVRdSRY;Q28797689;Nazi looting: Egon Schiele's Portrait of Wally
KI24PVRdSRY;Q44032;Nazi looting: Egon Schiele's Portrait of Wally
qfAga9DAuU4;Q476458;David, Oath of the Horatii
6skizQlC-uU;Q29530;Delacroix, Liberty Leading the People
xPXt8a5tpSE;Q19913261;The conservator's eye: Taddeo Gaddi, Saint Julian
kboppTV-SqM;Q19273424;Vig‚e Le Brun, Self-Portrait with her Daughter, Julie
jlVBaqyGKMs;Q212616;Gericault, Raft of the Medusa
na05-xCZR8s;Q5966403;Morisot, The Cradle
JftEcBnopPI;Q2273517;Caravaggio, The Conversion of St. Paul (or The Conversion of Saul)
3xBGF8H3bQ4;Q152509;Manet, Le D‚jeuner sur l'herbe
VbJBulu1X0Y;Q18683381;Baltasar de Echave Ib¡a, The Hermits
6YiL9MNyGKE;Q4692;How to recognize Italian Renaissance art
6YiL9MNyGKE;Q2914470;6YiL9MNyGKE
EFHPAbHaoqk;Q37853;How to recognize Baroque art
EFHPAbHaoqk;Q37853;How to recognize Baroque art
igTCJ7TCrOo;Q1169199;Rogier van der Weyden, Last Judgment
5P3ap3rDmx4;Q17319913;Willem Kalf, Still Life with a Silver Ewer
nOcxg0Khads;Q18668617;Francis Guy, Winter Scene in Brooklyn
DWHJx0kFQCo;Q17436671;Monet, Rouen Cathedral Series
DWHJx0kFQCo;Q17436673;Monet, Rouen Cathedral Series
DWHJx0kFQCo;Q17436674;Monet, Rouen Cathedral Series
DWHJx0kFQCo;Q17436675;Monet, Rouen Cathedral Series
DWHJx0kFQCo;Q17436676;Monet, Rouen Cathedral Series
DWHJx0kFQCo;Q17436678;Monet, Rouen Cathedral Series
DWHJx0kFQCo;Q17436681;Monet, Rouen Cathedral Series
DWHJx0kFQCo;Q17436682;Monet, Rouen Cathedral Series
DWHJx0kFQCo;Q17436685;Monet, Rouen Cathedral Series
DWHJx0kFQCo;Q17436686;Monet, Rouen Cathedral Series
DWHJx0kFQCo;Q17436687;Monet, Rouen Cathedral Series
DWHJx0kFQCo;Q17436689;Monet, Rouen Cathedral Series
DWHJx0kFQCo;Q17436692;Monet, Rouen Cathedral Series
DWHJx0kFQCo;Q17436693;Monet, Rouen Cathedral Series
DWHJx0kFQCo;Q17436694;Monet, Rouen Cathedral Series
feCG2zfzflo;Q1167907;Renoir, Luncheon of the Boating Party
L7P3kBJ3scg;Q17275831;Ruisdael, View of Haarlem with Bleaching Grounds
RQ0855yB2ZM;Q3172259;Thomas Cole, The Oxbow
DhefUahS55o;Q661378;Rembrandt, The Anatomy Lesson of Dr. Tulp
M-jLsoA1i_o;Q185372;Johannes Vermeer, Girl with a Pearl Earring
0D_rc92g27w;Q219831;Rembrandt, The Night Watch
Hw2_hv439Fg;Q636537;Jacques-Louis David, The Death of Marat
EK-h6cZCXrs;Q19271833;Rachel Ruysch, Fruit and Insects
BHFuLS9NW6s;Q2247406;Gentileschi, Judith and Holofernes
4kbv2Gaw-9U;Q1055117;Gentile da Fabriano, Adoration of the Magi
xt2M4HTw29A;Q18888002;Judith Leyster, Self-Portrait
rFMFH8Nf0Zw;Q2872723;Rembrandt, Self-Portrait
_0YdFG17fQc;Q521671;Enguerrand Quarton(?), Piet… of Villeneuve-lŠs-Avignon
8ZlH2JswO3Q;Q531329;Antoine Watteau, Pilgrimage to Cythera
SHZojeuDLjM;Q3937485;Anthony van Dyck, Charles I at the Hunt
x3GFqNYaVRE;Q3937806;Tintoretto, The Finding of the Body of Saint Mark
Pj3HdzOR2pY;Q500985;Bruegel, Hunters in the Snow (Winter)
WO1I1dN0DaA;Q969367;Johannes Vermeer, Woman Holding a Balance
mVkAvYhgW8c;Q588695;Johannes Vermeer, The Art of Painting
dgsogHXtwyA;Q1140358;Nicolas Poussin, Et in Arcadia Ego
G1Hs2GZKOhw;Q603751;Pieter Bruegel the Elder, Peasant Wedding
y5lhKvKvWPg;Q1764395;Paul Gauguin, Vision after the Sermon, or Jacob Wrestling with the Angel
c2MuTvQM61Y;Q567861;Last Judgment (altar wall, Sistine Chapel)
DRlE85xYqzE;Q1622223;Coatlicue
REeBUSYRzRo;Q192222;Lysippos, Apoxyomenos (Scraper)
_alU-o_qDt8;Q3276414;Cimabue, Santa Trinita Madonna
mFJ9tHJA2Sw;Q6772906;William Hogarth, Marriage A-la-Mode (including Tˆte … Tˆte)
Z2Zmmx0u-gE;Q1813497;Wilton Diptych
rTey6h4BQhc;Q2066739;Andrea Mantegna, San Zeno Altarpiece
B9vXathZikM;Q2392901;Jan van Eyck, Portrait of a Man in a Red Turban (Self-Portrait?), 1433
C3DmiEsvs6U;Q5580;Drer's woodcuts and engravings
6w2E8G0sEPc;Q1430990;Bronzino, An Allegory with Venus and Cupid
YhsjS5CtCTE;Q2472983;Tintoretto, Last Supper
Z29bpAW1AUM;Q3873247;Pietro Lorenzetti, Birth of the Virgin
2GD1Oz0sPzY;Q1212098;Manet, The Railway
PEE3B8Fsuc0;Q844675;Ceiling of the Sistine Chapel
MxyQgpgc7Ds;Q28555568;Constable, View on the Stour near Dedham
-UZuG3XpAd0;Q3275776;Donatello, Mary Magdalene
NCu83PcEQ1U;Q2269343;Giovanni Bellini, San Zaccaria Altarpiece
9g-r2007Y8c;Q951105;Paolo Veronese. Feast in the House of Levi
H_Guv2Mk1E0;Q2030685;Raphael, Marriage of the Virgin, 1504
iV6_wTrkd70;Q128910;The Last Supper
XGZvvQ8BmjY;Q546297;Mantegna, Dead Christ
PxCTyVQMVbs;Q1751408;Bellini, San Giobbe Altarpiece
e41Wh7jhoxc;Q2273890;Tintoretto, the Miracle of the Slave
47QgqdeSi0U;Q3739862;Giotto, Arena (Scrovegni) Chapel (part 1)
It3i-dKusIM;Q211884;San Vitale, Ravenna
-ngmZo-dvy4;Q572697;Titian, Madonna of the Pesaro Family
2MzPOrcsWB0;Q1899740;Titian, Assumption of the Virgin
LFA_qmGuY2A;Q930137;Giorgione, The Tempest
T-Yv4mp5yp8;Q374591;Lysippos, Farnese Hercules
C3cwGCezgSQ;Q465762;Laoco”n and his Sons
RD_Mh_SDz3s;Q877191;Giorgione, Three Philosophers
q8cYGh-K6Ok;Q26703809;Gossaert, Saint Luke Painting the Madonna
jk3wNadYA7k;Q2401235;Ambrogio Lorenzetti, Palazzo Pubblico frescos: Allegory and effect of good and bad government
KdDIIYqXmjw;Q1544976;Pacher, St. Wolfgang Altarpiece
m4raOIxsbaU;Q130257;Ludovisi Battle Sarcophagus
ZVUH4-Wsdwg;Q24090;Titian, Christ Crowned with Thorns
p8Vasl3L5p8;Q2265370;Uccello, The Battle of San Romano
NoCW80MEGXY;Q219344;Turner, Slave Ship
bihBbqzL96Y;Q737062;Manet, Olympia
FmjSUyyc-3M;Q1206847;Duchamp, Fountain
6mp-fBJNQmU;Q2461937;Dali, The Persistence of Memory
OhJKDqZgNXg;Q133732;Myron, Discobolus (Discus Thrower), Roman copy of an ancient Greek bronze
ZoiY6ZLEKaY;Q2546309;Drer, Self-portrait (1500)
51UA1T89MzU;Q841762;Alexander Mosaic from the House of the Faun, Pompeii
pQJrTf_x7Wk;Q636001;Couture, Romans of the Decadence
muJatqh6wRM;Q15874516;"Stuck, The Sin"
t9_lemSlr1o;Q644936;Rubens, The Rape of the Daughters of Leucippus
WyNqLrb0LRE;Q829270;Drer, Four Apostles
K0qH8EwiH2g;Q241455;Altdorfer, the Battle of Issus
Nk4DmlnoLxw;Q13234294;Khnopff, I Lock My Door Upon Myself
KQ63wu7lsXo;Q681431;Barberini Faun
MuD06cnjtAM;Q1289781;The Colossus of Constantine
pfnX-zgXHBM;Q699319;Parmigianino, Self-Portrait in a Convex Mirror
NT0SHjOowLA;Q37571;Why is that important? Looking at Jackson Pollock
M0Nf2Osgwkc;Q3605563;Giorgione, the Adoration of the Shepherds
kiMNT18c4Ko;Q623612;Ara Pacis
2aUFB9hQncQ;Q7723379;Art and context: Monet's Cliff Walk at Pourville and Malevich's White on White
J2CtQD3OLRI;Q46956912;Andy Warhol's Soup Cans: Why Is This Art?
RKcJvjP9zgY;Q1333433;Bernini, Ecstasy of Saint Teresa
ABhqENOxSrU;Q3705703;Pontormo, The Entombment of Christ
FvsSPJoJB3k;Q1398760;Apollonius, Seated Boxer
QEA30X4ysvg;Q2344368;Raphael, Galatea
9ODhKqFaugQ;Q220859;Van Eyck, The Arnolfini Portrait
GN0P5RkQAow;Q15980184;Mantegna, Camera degli Sposi
EAR9RAMg9NY;Q1136305;Polykleitos, Doryphoros (Spear Bearer)
hrBMFNvvOBI;Q700834;Correggio, Jupiter and Io
uvgBSJPiQ8Y;Q3944648;Brunelleschi & Ghiberti, the Sacrifice of Isaac
jYZ71Zma9Gc;Q578805;Brunelleschi, Old Sacristy
2fijnNzktDI;Q667202;Duccio, Maesta (front)
cZuYdIRAIAs;Q582172;Thutmose, Bust of Nefertiti
hMzFbORRiss;Q2736379;Masaccio, Expulsion of Adam and Eve from Eden
ryycDVWXDvc;Q1662447;Akhenaten, Nefertiti, and Three Daughters
3i8iou6tXqY;Q667124;Augustus of Primaporta
Ea6qS3nuvng;Q1387483;Bosch, the Last Judgment
-oXAekrYytA;Q179900;David (marble statue)
BRUOACBkFRg;Q698487;Gustav Klimt, The Kiss
983Tu9rlP54;Q684689;Gustav Klimt, Beethoven Frieze
oDPNSPbjzQ8;Q1759631;Masaccio, The Tribute Money in the Brancacci Chapel
Nok4cBt0V6w;Q524447;Standard of Ur from the Royal Tombs at Ur
ENAZqOoOVaI;Q131397;Nude woman (Venus of Willendorf)
J9_ouZpBknM;Q2326860;Donatello, Feast of Herod
STs6h1qUSGs;Q3947115;Bellini, St. Francis
xdIVZrr_8tI;Q1541884;Sluter, Well of Moses
U8d45ETt78o;Q1452762;"Gustave Caillebotte, Paris Street; Rainy Day"
jnxA293u8cs;Q19904811;Cranach the Elder, Judith with the Head of Holofernes
YnYknwUqaCM;Q7733345;Veronese, The Family of Darius Before Alexander
H3uBAVI4xC4;Q20275938;Poussin, Landscape with St. John
ascpn9AjCIk;Lane, Owl's Head, Penobscot Bay, Maine;Lane, Owl's Head, Penobscot Bay, Maine
Bgrwohxf9Ws;Q2274267;Tintoretto, the Origin of the Milky Way
I2M7U8eCeHA;Q1065493;Sir John Everett Millais, Ophelia
DMxaK0xjIdE;Q18686639;Fuseli, Titania and Bottom
9gnM72T4DTE;Q7715071;Hunt, the Awakening Conscience
HhN5Zkbpt_k;Q1395192;Van der Weyden, Crucifixion Triptych
tIqO2GS8O64;Q18689510;"Hunt, Our English Coasts (""Strayed Sheep"")"
2lXL4HscWGI;Q3697650;Rosso Fiorentino, the Dead Christ with Angels
HVuyK_vIMfc;Q14915747;Cassatt, In the Loge
dBrKCtx4TfA;Q19900658;Cole, Expulsion from the Garden of Eden
nRPLiTZAry4;Q960157;Sir John Everett Millais, Christ in the House of His Parents
2Vv9BhnE0SQ;Q22337850;C‚zanne, The Red Rock
j24uh8cZ3wA;Q83872;Hopper, Nighthawks
60u_ctp6UIw;Q42187500;Copley, Boy with a Squirrel
L3SIooVHV8E;Q158058;Great Altar of Zeus and Athena at Pergamon
hJOU3EK085M;Q4373334;Holbein the Younger, Christina of Denmark
_DgeQ7rpIHI;Q334360;Friedrich, Abbey among Oak Trees
Axox0C6aoTo;Q18508789;Campin, Christ and the Virgin
HNoyVb1hr7g;Q18686015;Wallis, Chatterton
ULgGEXBmNlw;Q5189814;Van der Weyden, Crucifixion, with the Virgin and Saint John
XLcbGHNFcpM;Q3607521;Toulouse-Lautrec, At the Moulin Rouge
YlhDUSntCI4;Q1198515;Friedrich, The Lone Tree
5wptm7lPZyE;Q18685328;Martini, Architectural Veduta
zA2KSx5OYog;Q7797015;John Roddam Spencer Stanhope, Thoughts of the Past
XIkryXkz8a4;Q1227359;Piero della Francesca, Portraits of the Duke and Duchess of Urbino
znVEFfIdo1o;Q254794;Drer, the Large Piece of Turf
E1tA9-ypx0g;Q18713070;Van Gogh, The Bedroom
DjNMJpdFPGA;Q4281369;Millais, Mariana
croM4PvOdbM;Q28797691;Schiele, Seated Male Nude (Self-Portrait)
baifq1b1-i4;Q2805058;Cranach the Elder, Cupid complaining to Venus
PqRx4OV5jhM;Q28797696;Schiele, Hermits
VQniy8iq9EQ;Q7737113;Burne-Jones, The Golden Stairs
_lzdhIHLwcQ;Q3910903;Lorenzetti, Presentation of Jesus in the Temple
mSPumIx85l8;Q533619;Bruegel, the Dutch Proverbs
w1dqzlTTm0E;Q18686539;Fragonard, The Meeting
eNhrYgYV0MA;Q481454;Manet, In the Conservatory
6HTBjvqn9uw;Q3660765;Degas, At the Races in the Countryside
PQZUIGzinZA;Q1212937;Holbein the Younger, the Ambassadors
3sCB3udmu1Y;Q18683105;Modigliani, Young Woman in a Shirt
iQY3SdZeZ6g;Q17277873;C‚zanne, Bathers
vUxYPrznFLw;Q18683083;Jawlensky, Young Girl in a Flowered Hat
YDYxQMBm50k;Q20807929;Alma-Tadema, Listening to Homer
-bnCHws9qmw;Q1560719;Sargent, Carnation, Lily, Lily, Rose
iQ5uG6ryCa4;Q17647822;Hals, Singing Boy with Flute
uvA6YY4yHtM;Q782639;Vermeer, The Glass of Wine
fpgvjMKCyAA;Q1328065;Bronzino, Portrait of Eleonora of Toledo with her son Giovanni
WV3MXLAfIi4;Q20812914;Homer, The Life Line
CHfU9EDwOwU;Q18683181;Buddha of Medicine Bhaishajyaguru (Yaoshi fo)
wvtPCKwGZCU;Q20539175;Degas, Visit to a Museum
XkcHktjqI1s;Q693746;Friedrich, Monk by the Sea
vk2GvyNmYD0;Q464782;Wood, American Gothic
B0eHEo-f6fc;Q2741541;Van der Goes, The Adoration of the Kings
JCKshDyxjuw;Q18683906;Monet, Poplars
kK38qqvLQ2I;Q21129709;Holbein the Younger, the Merchant Georg Gisze
PI9DjVjeV2A;Q18688335;Veronese, the Dream of Saint Helena
F00vnE37pIE;Q5899057;Burne-Jones, Hope
H95wT4wT95w;Q20776718;Allston, Elijah in the Desert
K6BKDveCd9w;Q15295671;Bruegel, Tower of Babel
qD6ct0VS15c;Q727875;Titian, Venus of Urbino
guxLpVICBjg;Q15130000;Cassatt, Woman with a Pearl Necklace in a Loge
9fiJ7mSzamw;Q18685738;David, the Virgin and Child with Saints and Donor
3SmyaLwpSaI;Q18683364;Renoir, The Grands Boulevards
be9rz_HOnXI;Q3714311;Giotto, The Entombment of Mary
7qaxUhbiQUc;Q2501284;Renoir, The Large Bathers
b3GToHvtFG8;Q5456612;Jasper Johns, Flag, 1954-55
1JL5ZR-ocOs;Q948745;Duccio, The Rucellai Madonna
z9s_uJlG3b8;Q12162390;Homer, The Fog Warning (Halibut Fishing)
O4St29B7cmU;Q3172226;Cassatt, The Child's Bath
3oeLGKeNPj0;Q3172226;B”cklin, Self-Portrait with Death Playing the Fiddle
26WASJHF46A;Q3172226;The Unicorn in Captivity
9vI1kP-9zpw;Q7190121;Matisse, Piano Lesson
G37C5vKCwH4;Q7897692;Donald Judd, Untitled
K3XTsNlcDS8;Q731639;Manet, Plum Brandy
RkUdm-GiSVc;Q1747569;Jan van Eyck, The Madonna in the Church
9fEublFSTOg;Q474198;Hals, Malle Babbe
YFtf-xA7_oM;Q28126510;Cezanne, The Large Bathers
eE7BR9HCffk;Q1451490;Friedrich, Woman at a Window
bcrsyGxUbkA;Q2409245;Christus, Portrait of a Young Girl
P1Lw1NVcI8o;Q17001535;Klimt, Death and Life
Vm1_vSny4BY;Q11702631;Peale, Staircase Group (Portrait of Raphaelle Peale and Titian Ramsay Peale)
xrA7-dNDsiE;Q7934007;David, Virgin and Child with Angels, ca. 1510-15
HUZDPWLTZ0g;Q2464824;Dali, Metamorphosis of Narcissus
3KjZ3w5MtBo;Q2571560;Millet, L'Angelus
AAeBt4zGDUA;Q1238886;Titian, Portrait of a Man (Man With a Quilted Sleeve), c. 1510-20
VByQr8OGDcY;Q3937515;van Dyck, Emmanuel Philibert of Savoy, Prince of Oneglia, 1624
A8GQfq3U96M;Q1626816;Donatello, Saint Mark
P9s3YA-glNk;Q2016193;Giotto, The Ognissanti Madonna
qwZn852brII;Q549847;Botticelli, Primavera
suIUUGdNyWk;Q867403;Parmigianino, Madonna of the Long Neck
jHN0BfowL7s;Q2344505;Raphael, Madonna of the Goldfinch
3B-V_pG3HPQ;Q2378534;Fra Angelico, The Annunciation
K9iMsmhBOjk;Q3687201;Rubens, the Consequences of War
6kUUJJV_MNA;Q735085;Donatello, David
QxNqWZPzsGw;Q1638622;Adoration of the Magi
7PsgPJoGWig;Q5815959;Simone Martini, Annunciation
w702yvnip_w;Q1061035;Magritte, The Treachery of Images (Ceci n?est pas une pipe)
ofJS_K0Fj2Q;Q20881158;Gauguin, The Red Cow
bhE7cHE4wF0;Q16933444;Head of Augustus, c. 27-25 B.C.E.
OSP1o2Zsbts;Q12860070;Fran‡ois Boucher, Venus Consoling Love, 1751
JHul281Kmtk;Q131221;Futurism
wf8L9AZa2H4;Q3937681;Lippi, Portrait of a Man and Woman at a Casement
RZ2a6nXElkE;Q19883529;Kirchner, Street, Dresden, oil on canvas, 1908
9bs1iQ14LJY;Q1090837;Seurat, Bathers at AsniŠres
9dbb6oITDa0;Q296955;Oil paint
YqTbqKCiYJw;Q1348059;Tempera paint
JrTsNuUQXzU;Q746716;Caravaggio, Narcissus at the Source
TkH-yjJ35vU;Q597114;Caravaggio, Death of the Virgin
NigP3DjV3NY;Q20188704;Degas, The Dance Class
XBPgPEo0Xx4;Q61895374;C‚zanne, Still Life with Plaster Cupid
j2-95i4pq9g;Q60423339;Braque, The Viaduct at L'Estaque
W3a2QIm3cXM;Q6807341;Bernini, Bust of Medusa
_38xl7p4VaM;Q386453;Vermeer, Young Woman with a Water Pitcher
2Qn-rXJghoU;Q16986541;Barnett Newman, Vir Heroicus Sublimis, 1950-51
uk7mTGrHfb4;Q1227359;Piero della Francesca, Portrait of Federico da Montefeltro and Portrait of Battista Sforza,1466
7PA0T4_KYC0;Q1218084;Rembrandt, The Three Crosses, 1653
ln9VIRiocps;Q254923;Raphael, Alba Madonna
NX3M0NTYTYg;Q6106762;Reynolds, Lady Cockburn and Her Three Eldest Sons
kOnzZHJYzb4;Q14127232;Bonheur, Plowing in the Nivernais
M7yd8F3eay4;Q3210239;Klee, Twittering Machine
653ZKHd_PYo;Q18752525;Munch, The Storm
xSixUm1cXSw;Q11824948;Rembrandt, Girl at a Window
bYyxwxEqTQo;Q1206860;Titian, Bacchus and Ariadne
WOnOq9YIrWI;Q50819288;Van Huysum, Vase with Flowers
g4XZGhnFOwM;Q3605055;Cranach, Adam and Eve
6V9x0d5wRpI;Q61473576;Vig‚e Le Brun, Madame Perregaux
_uUD1ZP79tE;Q74339;Renoir, La Loge
Nb6EQUS8hDo;Q28547935;Freud, Standing by the Rags
ovOKjwLE4qA;Q1314013;David, The Intervention of the Sabine Women
lSV-J1JHDFY;Q1978815;Ingres, La Grande Odalisque
h44bnIGogu8;Q3911405;Michelangelo, The Slaves
7d6S8y2kYSg;Q3268045;Matisse, Luxe, calme et volupt‚
UQiNvDOJi0c;Q18599452;David, The Lictors Returning to Brutus the Bodies of His Sons
TPM1LuW3Y5w;Q216402;Winged Victory (Nike) of Samothrace
zRuLkyLx3No;Q540488;Courbet, Burial at Ornans
6fHorNn2zqQ;Q3877090;Monet, Water Lilies
TlvXGblFsv8;Q920030;Goya, The Family of Charles IV
94xKRkCHlv0;Q11935346;Virgin of the Rocks
94xKRkCHlv0;Q4009972;Virgin of the Rocks
IiTtGENiVOA;Q208758;Vel zquez, Las Meninas
xz5DhwMsS1A;Q728027;Ribera, Martyrdom of Saint Philip
n2HWkDrorRg;Q43281370;Frida Kahlo, Frieda and Diego Rivera
irLOxG7SpUk;Q2622172;Degas, The Bellelli Family
asLQmxK7ExY;Q318947;Caravaggio, Supper at Emmaus
znKX9WcowfY;Q2529703;Manet, mile Zola
qv2K1yk0LCE;Q2632688;Piero della Francesca, The Baptism of Christ
Rx1HtFtc1cM;Q2909916;Gros, Napoleon Bonaparte Visiting the Plague-Stricken in Jaffa
2B68DWcOLj0;Q19753132;Girodet, The Sleep of Endymion
MQct5EFQ9x8;Q23904;Giotto, St. Francis Receiving the Stigmata
cLICU2cDHrs;Q685916;Caravaggio, Crucifixion of Saint Peter
Du-0kAn4u6w;Q959537;Mantegna, Dormition of the Virgin
6lH7zWK_SAg;Q2378534;Fra Angelico, The Annunciation (Prado)
20n0i2KQRCs;Q470541;Millais, The Vale of Rest
BXzR-hdSFUY;Q26689493;Manet, Corner of a Caf‚-Concert
rVI5Sjm0xKI;Q2629559;Fragonard, The Swing
IiB8Cvhhvvw;Q546297;Mantegna, Dead Christ, c. 1490
pPsqUFuysbU;Q2339059;Turner, Rain, steam, and speed ? the great western railway
3_-hYeuJTzQ;Q1114913;El Greco, Adoration of the Shepherds
gqSpWPONekE;Q3643629;Van Gogh, Self-Portrait Dedicated to Paul Gauguin
EczhLjFtyio;Q25820617;Guercino, Saint Luke Displaying a Painting of the Virgin
zfZu--psur8;Q19883529;Kirchner, Street, Dresden
049sSl4lEuk;Q3842743;Fra Filippo Lippi, Madonna and Child
7Hc08dgjLrM;Q49415308;Annibale Carracci, Crucifixion, 1583
LisBmGk1koY;Q5598;Rembrandt's Self-Portraits
sQpAYcxSVEg;Q18222055;Ingres, Princesse de Broglie
aj2el_owSg4;Q54647365;Il Ges—, including Triumph of the Name of Jesus ceiling fresco
hH1a1v1JNAk;Q18688316;C‚zanne, Still Life with Apples, 1895-98 (MoMA)
JbWGusfynCw;Q235242;Michelangelo, Piet…
CXsstWSXh68;Q18222088;Ingres, Raphael and the Fornarina
lnJRkY0mZh4;Q18552705;Boucher, Madame de Pompadour
Pu1WCHsYfKQ;Q26692914;Duccio, The Virgin and Child with Saints Dominic and Aurea
pQu1RMIkg3c;Q4091893;Paul Gauguin, Nevermore, 1897
GlkqvEOYicA;Q7160828;Dyce, Pegwell Bay, Kent - a Recollection of October 5th, 1858
OQEWArXaCeg;Q2388965;Drer, Self-portrait (1498)
3Lawz8TcPig;Q1150997;Goya, Saturn Devouring His Son
dNoeLF6I52s;Q123935;Vel zquez, Los Borrachos or the Triumph of Bacchus
w6DDMwsyQaA;Q11918714;Raphael, Portrait of Pope Julius II
L4F2lgyi7FA;Q2471531;Virgin and Child with St Anne and St John the Baptist (Burlington House Cartoon)
qoHva5i85Qo;Q247282;Vel zquez, Vulcan's Forge
lXfzq27fGvU;Q19887611;Warhol, Gold Marilyn Monroe
iDBJK0y8vb0;Q1133821;Delacroix, The Death of Sardanapalus
CyNjK7dv-IM;Q2290433;Delacroix, Scene of the Massacre at Chios
Dk1nuM5JKqQ;Q1368055;Millet, The Gleaners
Iics7KH_rLE;Q1212084;Monet, The Argenteuil Bridge
ZSh1ksh1iO4;Q3066077;Antoine or Louis Le Nain, Peasant Family in an Interior
Manet, The Balcony;Q775407;Manet, The Balcony
fbwW9mHFcgk;Q2843410;Rubens, Arrival (or Disembarkation) of Marie de Medici at Marseilles, Medici Cycle
sv9CHsd546Q;Q2343778;Raphael, La belle jardiniŠre
wsL4Uh0BrQw;Q32496;Rembrandt, Bathsheba at her Bath
_HqB5XkNe3I;Q382056;Pont-Aven School
_p2eKsaMsZs;Q724976;Ashcan School
_tw51Eh9vcw;Q478717;Amsterdam Impressionism
6qr7cdpGDRo;Q134147;pop art
7hqzexxZqRc;Q102932;avant-garde
8HDbSXNMl0o;Q131221;Futurism
cump0Nxteb4;Q10857409;Realism
cump0Nxteb4;Q2642826;Realism
dwJmO3I9lWw;Q661566;Dutch Golden Age
fH1uXlm9qoQ;Q39427;Surrealism
h0pVXdwMNrc;Q530936;Spanish Golden Age
iLsejn0h-9o;Q122960;rococo
JhJnct0pJJQ;Q934618;Danish Golden Age
kuOonogw-TM;Q40415;Impressionism
lSAEeu4hr0c;Q3773653;German Gothic
lSAEeu4hr0c;Q46825;Gothic art
lSAEeu4hr0c;Q947129;Gothic painting
lSAEeu4hr0c;Q186363;Gothic Revival architecture
lSAEeu4hr0c;Q1277524;Gothic sculpture
MLhDLL3MjSs;Q80113;Expressionism
OddPuDu4P2M;Q117035;Der Blaue Reiter
OK2L5UiDWCs;Q173782;Art Deco
P4luPnObQYo;Q34636;Art Nouveau
pe4xm2XwSEA;Q177725;abstract expressionism
Q7tnXapmJ3M;Q751880;japonism
S_q-JrkPVjw;Q55995;naturalism
S_q-JrkPVjw;Q55996;naturalism
u60MtHRWW4w;Q263985;romantic nationalism
u60MtHRWW4w;Q3088366;Romantic painting
u60MtHRWW4w;Q37068;Romanticism
UOSvUfbPHpY;Q207445;De Stijl
UOSvUfbPHpY;Q14378;neoclassicism
UOSvUfbPHpY;Q845421;Neoplasticism
xf2G2Il8crw;Q2632089;Dutch and Flemish Renaissance painting
xf2G2Il8crw;Q1472236;Early Renaissance
xf2G2Il8crw;Q2349908;French Renaissance
xf2G2Il8crw;Q2455000;German Renaissance
xf2G2Il8crw;Q1474884;High Renaissance
xf2G2Il8crw;Q1404472;Italian Renaissance
xf2G2Il8crw;Q610877;Northern Renaissance
xf2G2Il8crw;Q979160;Proto-Renaissance
xf2G2Il8crw;Q4692;Renaissance
xf2G2Il8crw;Q2914470;Renaissance art
xf2G2Il8crw;Q1133779;Renaissance art
xf2G2Il8crw;Q936588;Renaissance sculpture
ZB-7KJ3t3P4;Q2477787;American Impressionism
ZBfNWlXHvq4;Q150091;neo-impressionism
